player,bets,wins,winrate,total_staked,profit,roi,avg_ev
Timofey Skatov,28,28,1.0,7.200065346082453e+54,6.404607789860726e+55,889.52,0.9255
Titouan Droguet,94,94,1.0,7.055756120957112e+45,4.0917265675864996e+46,579.91,0.6659
Yu Hsiou Hsu,174,174,1.0,2.0156678380291677e+57,8.743250527560134e+57,433.76,0.459
Zhizhen Zhang,112,56,0.5,4.865471760929564e+54,1.5077719184462328e+55,309.89,0.2066
Denis Kudla,68,68,1.0,2.7566561190556623e+35,5.7141017901443856e+35,207.28,0.1653
Sebastian Baez,166,166,1.0,2.3517489193968506e+50,4.225682480096915e+50,179.68,0.239
Dalibor Svrcina,68,68,1.0,9.947168805166362e+29,1.6610931853988652e+30,166.99,0.339
Mackenzie McDonald,64,64,1.0,4.977189926640247e+28,7.846192378378388e+28,157.64,0.1451
Jeremy Chardy,16,16,1.0,1.0532676068586674e+31,1.5227924316634962e+31,144.58,0.1405
Laslo Djere,102,102,1.0,1.501837282101259e+49,2.1590094953601716e+49,143.76,0.2437
Jiri Vesely,94,94,1.0,8.659552771320102e+51,1.22414913953179e+52,141.36,0.2288
Dominic Stricker,96,96,1.0,9.22576489469587e+51,1.2237239304177397e+52,132.64,0.2222
Michael Mmoh,176,176,1.0,2.0209695241472634e+47,2.51592030125934e+47,124.49,0.2159
Ilya Ivashka,38,38,1.0,3.300878079272645e+25,3.7546701282059305e+25,113.75,0.2974
Constant Lestienne,66,66,1.0,1.7984313803175621e+30,1.8857596205235523e+30,104.86,0.5549
Adrian Mannarino,136,136,1.0,1.073731327510228e+32,1.0921037303070813e+32,101.71,0.5587
Marton Fucsovics,62,62,1.0,2.573994024951662e+37,2.5935754013334474e+37,100.76,0.4156
Jakub Mensik,96,96,1.0,1.1470859330176703e+37,1.146059045953504e+37,99.91,0.2044
Benjamin Bonzi,36,36,1.0,5.919591998257007e+31,5.795444360202833e+31,97.9,0.5449
Matteo Arnaldi,12,12,1.0,4.755881810877079e+48,4.5362152854835694e+48,95.38,0.0627
Daniel Altmaier,14,14,1.0,3.647787877026299e+44,3.1329332196242027e+44,85.89,0.0659
Rinky Hijikata,76,76,1.0,2.1742630038259194e+46,1.8482202821284235e+46,85.0,0.4996
Yibing Wu,14,12,0.8571,2.098189262701442e+53,1.772854724784464e+53,84.49,0.1152
Katie Boulter,1,1,1.0,2.6106942974542136e+52,1.5664165784725286e+52,60.0,0.0518
Tomas Martin Etcheverry,18,18,1.0,2.7509879857030406e+53,1.588031993754256e+53,57.73,0.0591
Danielle Collins,2,2,1.0,4.422528877397969e+53,2.4766156361737352e+53,56.0,0.0684
Nicolas Jarry,44,44,1.0,9.436575453181497e+48,5.1901164992498233e+48,55.0,0.3285
Jelena Ostapenko,6,6,1.0,7.107295670708585e+52,3.624574415548214e+52,51.0,0.0586
Victoria Azarenka,3,3,1.0,7.253250519132386e+49,3.624233948707058e+49,49.97,0.0588
Lloyd Harris,76,72,0.9474,2.7217159233759686e+53,1.3127525191120153e+53,48.23,0.1321
Daria Saville,4,4,1.0,8.777411154220217e+52,4.0376091309413e+52,46.0,0.0533
Lauren Davis,8,8,1.0,8.586250973086872e+52,3.558630363024308e+52,41.45,0.0622
Aliaksandra Sasnovich,35,35,1.0,2.620463116625474e+49,1.0515524942884012e+49,40.13,0.0694
Ekaterina Alexandrova,31,31,1.0,1.6343774147850929e+52,6.14615558273811e+51,37.61,0.0695
Marie Bouzkova,4,4,1.0,1.104772401487583e+53,4.0876578855040583e+52,37.0,0.0512
Kaja Juvan,33,33,1.0,5.173519204699792e+51,1.8948070840530332e+51,36.63,0.071
Katie Volynets,6,6,1.0,3.119986941497827e+52,1.0675344727088272e+52,34.22,0.0598
Anhelina Kalinina,36,36,1.0,2.6098913096893874e+50,8.885183669733011e+49,34.04,0.0719
Coco Gauff,29,29,1.0,8.803681064141607e+54,2.9334501410201955e+54,33.32,0.0681
Donna Vekic,68,68,1.0,1.3035979631405108e+54,3.931546466773648e+53,30.16,0.0683
Karolina Pliskova,67,67,1.0,3.404585923924739e+54,9.734619172444924e+53,28.59,0.067
Linda Fruhvirtova,4,4,1.0,4.314259095285109e+51,1.1224989638518107e+51,26.02,0.0548
Bernarda Pera,33,33,1.0,8.266017245889031e+49,2.123506698172592e+49,25.69,0.0653
Madison Keys,2,2,1.0,5.535305458934485e+50,1.4118445775504503e+50,25.51,0.0553
Petra Kvitova,6,6,1.0,8.954808701796876e+48,2.2123049084466004e+48,24.71,0.058
Magda Linette,60,60,1.0,8.112351272621281e+54,1.911979092035846e+54,23.57,0.0603
Hubert Hurkacz,6,6,1.0,4.907872579945366e+35,1.1447891713033065e+35,23.33,0.0527
Cristina Bucsa,1,1,1.0,3.186762736068268e+47,7.010878019350186e+46,22.0,0.0535
Liudmila Samsonova,2,2,1.0,2.9994710716090315e+53,6.298889250378966e+52,21.0,0.0599
Barbora Krejcikova,22,22,1.0,4.030659886912445e+50,8.408729661032899e+49,20.86,0.0559
Juncheng Shang,6,6,1.0,1.7270888335868574e+25,3.513032505605015e+24,20.34,0.0609
Elena Rybakina,38,38,1.0,1.5502519280826427e+54,3.1028872791833407e+53,20.02,0.0693
Veronika Kudermetova,2,2,1.0,6.863938830400851e+53,1.37278776608017e+53,20.0,0.0567
Alejandro Davidovich Fokina,8,8,1.0,1.024638163320267e+30,1.967445951069228e+29,19.2,0.0628
Casper Ruud,74,74,1.0,1.7207471143017973e+36,3.2028855240696847e+35,18.61,0.0542
Maria Sakkari,1,1,1.0,3.4785993290888703e+47,5.913618859451077e+46,17.0,0.0525
Frances Tiafoe,18,18,1.0,1.3230749255851185e+36,2.2492273734947003e+35,17.0,0.0518
Denis Shapovalov,36,36,1.0,2.130731394189848e+36,3.5130323759674254e+35,16.49,0.0524
Clara Burel,1,1,1.0,3.750063235073992e+48,6.000101176118384e+47,16.0,0.0504
Alexei Popyrin,50,50,1.0,1.343846965529971e+32,2.125706996373711e+31,15.82,0.0528
Enzo Couacaud,20,20,1.0,2.718032886279272e+31,4.2132543588654464e+30,15.5,0.0557
Pablo Carreno Busta,2,2,1.0,2.6662182739775e+27,3.466083756170747e+26,13.0,0.0533
Daniel Evans,2,2,1.0,4.037137375446636e+30,5.248278588080622e+29,13.0,0.053
Ernesto Escobedo,72,0,0.0,3.884300141530481e+29,-3.884300141530481e+29,-100.0,0.4705
Pavel Kotov,56,0,0.0,6.7138031423255195e+28,-6.7138031423255195e+28,-100.0,0.138
Gregoire Barrere,50,0,0.0,5.398464710029046e+25,-5.398464710029046e+25,-100.0,0.2064
Corentin Moutet,282,48,0.1702,9.212002590350902e+46,-9.212002590350902e+46,-100.0,0.3445
Yoshihito Nishioka,242,66,0.2727,4.174738359364154e+55,-4.174738359364154e+55,-100.0,0.2601
Mikael Ymer,2,0,0.0,8.856671781629553e+27,-8.856671781629553e+27,-100.0,0.5716
Richard Gasquet,12,0,0.0,3.4097357496709215e+35,-3.4097357496709215e+35,-100.0,0.1431
Tallon Griekspoor,84,66,0.7857,1.4910261207007396e+47,-1.4910261203274522e+47,-100.0,0.3433
Miomir Kecmanovic,18,0,0.0,4.0875683454605884e+30,-4.0875683454605884e+30,-100.0,0.5494
Aslan Karatsev,68,0,0.0,1.3720396442926487e+33,-1.3720396442926487e+33,-100.0,0.2363
Oleksii Krutykh,102,0,0.0,8.447038994559331e+31,-8.447038994559331e+31,-100.0,0.1282
Zizou Bergs,80,0,0.0,1.8114377249189066e+31,-1.8114377249189066e+31,-100.0,0.2572
Alexander Bublik,68,0,0.0,9.319664129639623e+29,-9.319664129639623e+29,-100.0,0.3601
Mattia Bellucci,14,0,0.0,2.0202380066355314e+31,-2.0202380066355314e+31,-100.0,0.3557
Ugo Humbert,310,134,0.4323,2.2312580916246258e+49,-2.231258091624625e+49,-100.0,0.2978
Jack Draper,74,0,0.0,1.5970283039555605e+30,-1.5970283039555605e+30,-100.0,0.1706
Sebastian Ofner,84,10,0.119,1.4213825267193753e+50,-1.4213825267062934e+50,-100.0,0.4117
Juan Manuel Cerundolo,150,86,0.5733,2.7021755175514513e+53,-2.702175517551431e+53,-100.0,0.5294
Pedro Cachin,94,0,0.0,1.119046098524276e+38,-1.119046098524276e+38,-100.0,0.4301
Dominic Thiem,174,94,0.5402,9.68663265471715e+51,-9.686632654716956e+51,-100.0,0.216
Yosuke Watanuki,94,0,0.0,3.480698636922338e+37,-3.480698636922338e+37,-100.0,0.2397
Sebastian Korda,36,26,0.7222,3.33725829147929e+49,-3.337258291474503e+49,-100.0,0.0577
Jordan Thompson,8,0,0.0,3.005667421206321e+57,-3.005667421206321e+57,-100.0,0.0575
Yannick Hanfmann,2,0,0.0,2.783149435983704e+48,-2.783149435983704e+48,-100.0,0.9016
Bianca Andreescu,3,1,0.3333,4.40703336274063e+53,-4.407029226513805e+53,-100.0,0.0636
Fabian Marozsan,76,0,0.0,1.480827999791584e+55,-1.480827999791584e+55,-100.0,0.2584
Steve Johnson,14,0,0.0,2.7184891237160966e+48,-2.7184891237160966e+48,-100.0,0.115
Quentin Halys,8,0,0.0,4.1323284793834714e+51,-4.1323284793834714e+51,-100.0,0.0669
Ethan Quinn,90,0,0.0,8.061931408393737e+51,-8.061931408393737e+51,-100.0,0.2457
Hugo Dellien,90,0,0.0,7.034428461049817e+49,-7.034428461049817e+49,-100.0,0.5102
Sho Shimabukuro,14,0,0.0,3.044150646496956e+47,-3.044150646496956e+47,-100.0,0.1206
Aleksandar Vukic,18,0,0.0,2.1507674128825254e+48,-2.1507674128825254e+48,-100.0,0.0879
Emilio Nava,90,0,0.0,1.2236651419337387e+37,-1.2236651419337387e+37,-100.0,0.472
Zachary Svajda,90,0,0.0,1.215390850599517e+52,-1.215390850599517e+52,-100.0,0.291
Jiri Lehecka,10,0,0.0,2.414069319799874e+46,-2.414069319799874e+46,-100.0,0.0672
Marcos Giron,96,0,0.0,1.9087656611447948e+39,-1.9087656611447948e+39,-100.0,0.2821
Nicolas Moreno De Alboran,172,0,0.0,6.42907914798373e+55,-6.42907914798373e+55,-100.0,0.3067
Taro Daniel,138,0,0.0,5.0957837140243105e+53,-5.0957837140243105e+53,-100.0,0.2561
Diego Schwartzman,14,0,0.0,1.0404495930541404e+49,-1.0404495930541404e+49,-100.0,0.065
Radu Albot,174,0,0.0,5.69553857939778e+57,-5.69553857939778e+57,-100.0,0.3261
Marco Cecchinato,46,0,0.0,2.771430416186367e+49,-2.771430416186367e+49,-100.0,0.1058
Stefano Travaglia,62,0,0.0,1.739849571910702e+49,-1.739849571910702e+49,-100.0,0.1233
Leolia Jeanjean,1,0,0.0,5.835834713832148e+49,-5.835834713832148e+49,-100.0,0.0644
Jil Teichmann,32,1,0.0312,5.164827825708174e+54,-5.164694585817793e+54,-100.0,0.0674
Fiona Ferro,4,0,0.0,7.637472495746128e+51,-7.637472495746128e+51,-100.0,0.0693
Qinwen Zheng,4,0,0.0,1.2157787672036422e+54,-1.2157787672036422e+54,-100.0,0.0573
Storm Hunter,4,0,0.0,1.2498530040763713e+52,-1.2498530040763713e+52,-100.0,0.1164
Magdalena Frech,3,0,0.0,8.09724870036166e+51,-8.09724870036166e+51,-100.0,0.0635
