matchup+side,bets,wins,winrate,total_staked,profit,roi
Alex de Minaur vs Timofey Skatov (p2),28,28,1.0,7.200065346082453e+54,6.404607789860726e+55,889.52
Lorenzo Musetti vs Titouan Droguet (p2),94,94,1.0,7.055756120957112e+45,4.0917265675864996e+46,579.91
Thanasi Kokkinakis vs Yu Hsiou Hsu (p2),174,174,1.0,2.0156678380291677e+57,8.743250527560134e+57,433.76
Casper Ruud vs Zhizhen Zhang (p2),56,56,1.0,4.865471760929564e+54,1.5077719184462328e+55,309.89
Lloyd Harris vs Lorenzo Musetti (p1),64,64,1.0,2.711729711066516e+31,6.078130102252556e+31,224.14
Denis Kudla vs Roman Safiullin (p1),68,68,1.0,2.7566561190556623e+35,5.7141017901443856e+35,207.28
Ilya Ivashka vs Juan Manuel Cerundolo (p2),86,86,1.0,6.883146438966418e+38,1.3707428571211408e+39,199.14
Borna Coric vs Sebastian Baez (p2),166,166,1.0,2.3517489193968506e+50,4.225682480096915e+50,179.68
Corentin Moutet vs Yibing Wu (p1),48,48,1.0,9.636358756417493e+26,1.6580966847997356e+27,172.07
Dalibor Svrcina vs Jaume Munar (p1),68,68,1.0,9.947168805166362e+29,1.6610931853988652e+30,166.99
Brandon Nakashima vs Mackenzie McDonald (p2),64,64,1.0,4.977189926640247e+28,7.846192378378388e+28,157.64
Daniel Elahi Galan vs Jeremy Chardy (p2),16,16,1.0,1.0532676068586674e+31,1.5227924316634962e+31,144.58
Brandon Nakashima vs Laslo Djere (p2),94,94,1.0,1.501837282101259e+49,2.1590094953601716e+49,143.76
Enzo Couacaud vs Jiri Vesely (p2),94,94,1.0,8.659552771320102e+51,1.22414913953179e+52,141.36
Alexander Bublik vs Dominic Thiem (p2),94,94,1.0,8.251668274551137e+37,1.1249222974793746e+38,136.33
Laslo Djere vs Zizou Bergs (p1),8,8,1.0,2.4908742136740775e+30,3.3586164076139064e+30,134.84
Alexei Popyrin vs Dominic Stricker (p2),96,96,1.0,9.22576489469587e+51,1.2237239304177397e+52,132.64
Karen Khachanov vs Michael Mmoh (p2),176,176,1.0,2.0209695241472634e+47,2.51592030125934e+47,124.49
Mikael Ymer vs Yoshihito Nishioka (p2),66,66,1.0,3.4321175342161944e+29,3.932396721835408e+29,114.58
Botic Van de Zandschulp vs Ilya Ivashka (p2),38,38,1.0,3.300878079272645e+25,3.7546701282059305e+25,113.75
Constant Lestienne vs Thiago Monteiro (p1),66,66,1.0,1.7984313803175621e+30,1.8857596205235523e+30,104.86
Adrian Mannarino vs John Isner (p1),136,136,1.0,1.073731327510228e+32,1.0921037303070813e+32,101.71
Lloyd Harris vs Marton Fucsovics (p2),62,62,1.0,2.573994024951662e+37,2.5935754013334474e+37,100.76
Gregoire Barrere vs Jakub Mensik (p2),96,96,1.0,1.1470859330176703e+37,1.146059045953504e+37,99.91
Botic Van de Zandschulp vs Tallon Griekspoor (p2),66,66,1.0,1.870297097290294e+37,1.8625773044022978e+37,99.59
Richard Gasquet vs Ugo Humbert (p2),134,134,1.0,3.662837072565619e+33,3.64607089134491e+33,99.54
Rinky Hijikata vs Yannick Hanfmann (p1),66,66,1.0,1.3589982042212788e+33,1.3496709401330597e+33,99.31
Benjamin Bonzi vs Mattia Bellucci (p1),36,36,1.0,5.919591998257007e+31,5.795444360202833e+31,97.9
Jason Kubler vs Matteo Arnaldi (p2),12,12,1.0,4.755881810877079e+48,4.5362152854835694e+48,95.38
Miomir Kecmanovic vs Nicolas Jarry (p2),34,34,1.0,6.58698047003367e+30,6.222470695316552e+30,94.47
Constant Lestienne vs Daniel Altmaier (p2),14,14,1.0,3.647787877026299e+44,3.1329332196242027e+44,85.89
Pavel Kotov vs Rinky Hijikata (p2),10,10,1.0,2.1742630038257835e+46,1.8482202821282886e+46,85.0
Dusan Lajovic vs Yibing Wu (p2),12,12,1.0,2.098189262701442e+53,1.772854724784464e+53,84.49
Nuno Borges vs Sebastian Ofner (p2),10,10,1.0,7.583100823630455e+38,5.498790206305667e+38,72.51
Diane Parry vs Katie Boulter (p2),1,1,1.0,2.6106942974542136e+52,1.5664165784725286e+52,60.0
Otto Virtanen vs Tomas Martin Etcheverry (p2),18,18,1.0,2.7509879857030406e+53,1.588031993754256e+53,57.73
Harriet Dart vs Jil Teichmann (p2),1,1,1.0,8.486617221730244e+49,4.837371816386238e+49,57.0
Danielle Collins vs Karolina Muchova (p1),1,1,1.0,4.422525532590922e+53,2.4766142982509163e+53,56.0
Luca Van Assche vs Nicolas Jarry (p2),10,10,1.0,9.436575453181497e+48,5.1901164992498233e+48,55.0
Jasmine Paolini vs Jelena Ostapenko (p2),3,3,1.0,7.103303959765269e+52,3.622685019480287e+52,51.0
Sofia Kenin vs Victoria Azarenka (p2),3,3,1.0,7.253250519132386e+49,3.624233948707058e+49,49.97
Guido Pella vs Lloyd Harris (p2),8,8,1.0,2.7217159233759686e+53,1.3127525191120153e+53,48.23
Dayana Yastremska vs Jelena Ostapenko (p2),3,3,1.0,3.9917109433157016e+49,1.8893960679270266e+49,47.33
Clervie Ngounoue vs Daria Saville (p2),4,4,1.0,8.777411154220217e+52,4.0376091309413e+52,46.0
Danka Kovinic vs Lauren Davis (p2),8,8,1.0,8.586250973086872e+52,3.558630363024308e+52,41.45
Aliaksandra Sasnovich vs Brenda Fruhvirtova (p1),35,35,1.0,2.620463116625474e+49,1.0515524942884012e+49,40.13
Anna Kalinskaya vs Danielle Collins (p2),1,1,1.0,3.344807047200837e+47,1.3379228188803347e+47,40.0
Ekaterina Alexandrova vs Ysaline Bonaventure (p1),31,31,1.0,1.6343774147850929e+52,6.14615558273811e+51,37.61
Ashlyn Krueger vs Marie Bouzkova (p2),4,4,1.0,1.104772401487583e+53,4.0876578855040583e+52,37.0
Kaja Juvan vs Selena Janicijevic (p1),33,33,1.0,5.173519204699792e+51,1.8948070840530332e+51,36.63
Evgeniya Rodina vs Katie Volynets (p2),6,6,1.0,3.119986941497827e+52,1.0675344727088272e+52,34.22
Anhelina Kalinina vs Coco Vandeweghe (p1),36,36,1.0,2.6098913096893874e+50,8.885183669733011e+49,34.04
Elena Rybakina vs Elisabetta Cocciaretto (p1),35,35,1.0,1.720716722125071e+51,5.824856462306727e+50,33.85
Coco Gauff vs Emma Raducanu (p1),29,29,1.0,8.803681064141607e+54,2.9334501410201955e+54,33.32
Donna Vekic vs Oksana Selekhmeteva (p1),68,68,1.0,1.3035979631405108e+54,3.931546466773648e+53,30.16
Karolina Pliskova vs Xiyu Wang (p1),67,67,1.0,3.404585923924739e+54,9.734619172444924e+53,28.59
Bianca Andreescu vs Marie Bouzkova (p1),1,1,1.0,3.256871516261769e+47,8.793553093906778e+46,27.0
Jaimee Fourlis vs Linda Fruhvirtova (p2),4,4,1.0,4.314259095285109e+51,1.1224989638518107e+51,26.02
Bernarda Pera vs Moyuka Uchijima (p1),33,33,1.0,8.266017245889031e+49,2.123506698172592e+49,25.69
Anna Blinkova vs Madison Keys (p2),2,2,1.0,5.535305458934485e+50,1.4118445775504503e+50,25.51
Alison Van Uytvanck vs Petra Kvitova (p2),6,6,1.0,8.954808701796876e+48,2.2123049084466004e+48,24.71
Magda Linette vs Mayar Sherif (p1),60,60,1.0,8.112351272621281e+54,1.911979092035846e+54,23.57
Hubert Hurkacz vs Lorenzo Sonego (p1),6,6,1.0,4.907872579945366e+35,1.1447891713033065e+35,23.33
Cristina Bucsa vs Eva Lys (p1),1,1,1.0,3.186762736068268e+47,7.010878019350186e+46,22.0
Jasmine Paolini vs Liudmila Samsonova (p2),2,2,1.0,2.9994710716090315e+53,6.298889250378966e+52,21.0
Barbora Krejcikova vs Sara Bejlek (p1),22,22,1.0,4.030659886912445e+50,8.408729661032899e+49,20.86
Sebastian Korda vs Yosuke Watanuki (p1),26,26,1.0,3.972995468174485e+37,8.141493454128161e+36,20.49
Juncheng Shang vs Oscar Otte (p1),6,6,1.0,1.7270888335868574e+25,3.513032505605015e+24,20.34
Maryna Zanevska vs Veronika Kudermetova (p2),2,2,1.0,6.863938830400851e+53,1.37278776608017e+53,20.0
Elena Rybakina vs Kaja Juvan (p1),3,3,1.0,1.5485312113605175e+54,3.097062422721034e+53,20.0
Alejandro Davidovich Fokina vs Alexander Bublik (p1),8,8,1.0,1.024638163320267e+30,1.967445951069228e+29,19.2
Casper Ruud vs Tomas Machac (p1),74,74,1.0,1.7207471143017973e+36,3.2028855240696847e+35,18.61
Maria Sakkari vs Yue Yuan (p1),1,1,1.0,3.4785993290888703e+47,5.913618859451077e+46,17.0
Frances Tiafoe vs Juncheng Shang (p1),18,18,1.0,1.3230749255851185e+36,2.2492273734947003e+35,17.0
Denis Shapovalov vs Taro Daniel (p1),36,36,1.0,2.130731394189848e+36,3.5130323759674254e+35,16.49
Clara Burel vs Talia Gibson (p1),1,1,1.0,3.750063235073992e+48,6.000101176118384e+47,16.0
Alexei Popyrin vs Chun Hsin Tseng (p1),50,50,1.0,1.343846965529971e+32,2.125706996373711e+31,15.82
Enzo Couacaud vs Hugo Dellien (p1),20,20,1.0,2.718032886279272e+31,4.2132543588654464e+30,15.5
Pablo Carreno Busta vs Pedro Cachin (p1),2,2,1.0,2.6662182739775e+27,3.466083756170747e+26,13.0
Daniel Evans vs Facundo Bagnis (p1),2,2,1.0,4.037137375446636e+30,5.248278588080622e+29,13.0
Gregoire Barrere vs Tomas Martin Etcheverry (p1),50,0,0.0,5.398464710029046e+25,-5.398464710029046e+25,-100.0
Corentin Moutet vs Yibing Wu (p2),2,0,0.0,2.611223709090212e+25,-2.611223709090212e+25,-100.0
Ben Shelton vs Pedro Cachin (p2),94,0,0.0,1.119046098524276e+38,-1.119046098524276e+38,-100.0
Fabian Marozsan vs Richard Gasquet (p2),10,0,0.0,3.406289075950789e+35,-3.406289075950789e+35,-100.0
Lloyd Harris vs Marton Fucsovics (p1),4,0,0.0,7.347625406958711e+35,-7.347625406958711e+35,-100.0
Adrian Mannarino vs Yosuke Watanuki (p2),94,0,0.0,3.480698636922338e+37,-3.480698636922338e+37,-100.0
Corentin Moutet vs Francisco Cerundolo (p1),56,0,0.0,1.849928077598838e+37,-1.849928077598838e+37,-100.0
Diego Schwartzman vs Oleksii Krutykh (p2),102,0,0.0,8.447038994559331e+31,-8.447038994559331e+31,-100.0
Aslan Karatsev vs Grigor Dimitrov (p1),68,0,0.0,1.3720396442926487e+33,-1.3720396442926487e+33,-100.0
Mikael Ymer vs Yoshihito Nishioka (p1),2,0,0.0,8.856671781629553e+27,-8.856671781629553e+27,-100.0
Pavel Kotov vs Tallon Griekspoor (p1),56,0,0.0,6.7138031423255195e+28,-6.7138031423255195e+28,-100.0
Ernesto Escobedo vs Taro Daniel (p1),72,0,0.0,3.884300141530481e+29,-3.884300141530481e+29,-100.0
Jack Draper vs Rafael Nadal (p1),74,0,0.0,1.5970283039555605e+30,-1.5970283039555605e+30,-100.0
Alejandro Davidovich Fokina vs Alexander Bublik (p2),68,0,0.0,9.319664129639623e+29,-9.319664129639623e+29,-100.0
Laslo Djere vs Zizou Bergs (p2),80,0,0.0,1.8114377249189066e+31,-1.8114377249189066e+31,-100.0
Richard Gasquet vs Ugo Humbert (p1),2,0,0.0,3.446673720132415e+32,-3.446673720132415e+32,-100.0
Miomir Kecmanovic vs Nicolas Jarry (p1),18,0,0.0,4.0875683454605884e+30,-4.0875683454605884e+30,-100.0
Benjamin Bonzi vs Mattia Bellucci (p2),14,0,0.0,2.0202380066355314e+31,-2.0202380066355314e+31,-100.0
Ben Shelton vs Zhizhen Zhang (p2),56,0,0.0,1.3170974821178624e+30,-1.3170974821178624e+30,-100.0
Alejandro Davidovich Fokina vs Marcos Giron (p2),96,0,0.0,1.9087656611447948e+39,-1.9087656611447948e+39,-100.0
Casper Ruud vs Emilio Nava (p2),90,0,0.0,1.2236651419337387e+37,-1.2236651419337387e+37,-100.0
Aleksandar Vukic vs Alexander Zverev (p1),18,0,0.0,2.1507674128825254e+48,-2.1507674128825254e+48,-100.0
Hugo Gaston vs Sho Shimabukuro (p2),14,0,0.0,3.044150646496956e+47,-3.044150646496956e+47,-100.0
Borna Gojo vs Hugo Dellien (p2),90,0,0.0,7.034428461049817e+49,-7.034428461049817e+49,-100.0
Bernabe Zapata Miralles vs Ethan Quinn (p2),90,0,0.0,8.061931408393737e+51,-8.061931408393737e+51,-100.0
Benjamin Bonzi vs Quentin Halys (p2),8,0,0.0,4.1323284793834714e+51,-4.1323284793834714e+51,-100.0
Steve Johnson vs Taylor Fritz (p1),14,0,0.0,2.7184891237160966e+48,-2.7184891237160966e+48,-100.0
Stefano Travaglia vs Tommy Paul (p1),62,0,0.0,1.739849571910702e+49,-1.739849571910702e+49,-100.0
Marton Fucsovics vs Sebastian Korda (p2),10,0,0.0,3.337258291475317e+49,-3.337258291475317e+49,-100.0
Francisco Cerundolo vs Zachary Svajda (p2),90,0,0.0,1.215390850599517e+52,-1.215390850599517e+52,-100.0
Marco Cecchinato vs Roman Safiullin (p1),46,0,0.0,2.771430416186367e+49,-2.771430416186367e+49,-100.0
Aslan Karatsev vs Jiri Lehecka (p2),10,0,0.0,2.414069319799874e+46,-2.414069319799874e+46,-100.0
Arthur Fils vs Tallon Griekspoor (p2),18,0,0.0,1.49102612051371e+47,-1.49102612051371e+47,-100.0
Stan Wawrinka vs Yoshihito Nishioka (p2),176,0,0.0,4.174738359364154e+55,-4.174738359364154e+55,-100.0
Jack Draper vs Radu Albot (p2),174,0,0.0,5.69553857939778e+57,-5.69553857939778e+57,-100.0
Arthur Rinderknech vs Diego Schwartzman (p2),14,0,0.0,1.0404495930541404e+49,-1.0404495930541404e+49,-100.0
Matteo Berrettini vs Ugo Humbert (p2),176,0,0.0,2.2312580916246255e+49,-2.2312580916246255e+49,-100.0
Frances Tiafoe vs Sebastian Ofner (p2),74,0,0.0,1.421382526711792e+50,-1.421382526711792e+50,-100.0
Adrian Mannarino vs Fabian Marozsan (p2),76,0,0.0,1.480827999791584e+55,-1.480827999791584e+55,-100.0
Alejandro Davidovich Fokina vs Juan Manuel Cerundolo (p2),64,0,0.0,2.7021755175514445e+53,-2.7021755175514445e+53,-100.0
Jannik Sinner vs Yannick Hanfmann (p2),2,0,0.0,2.783149435983704e+48,-2.783149435983704e+48,-100.0
Botic Van De Zandschulp vs Jordan Thompson (p2),8,0,0.0,3.005667421206321e+57,-3.005667421206321e+57,-100.0
Ben Shelton vs Dominic Thiem (p2),80,0,0.0,9.686632654717068e+51,-9.686632654717068e+51,-100.0
Lorenzo Sonego vs Nicolas Moreno De Alboran (p2),172,0,0.0,6.42907914798373e+55,-6.42907914798373e+55,-100.0
Gael Monfils vs Taro Daniel (p2),138,0,0.0,5.0957837140243105e+53,-5.0957837140243105e+53,-100.0
Andy Murray vs Corentin Moutet (p2),178,0,0.0,9.212002588500974e+46,-9.212002588500974e+46,-100.0
Leolia Jeanjean vs Nadia Podoroska (p1),1,0,0.0,5.835834713832148e+49,-5.835834713832148e+49,-100.0
Bianca Andreescu vs Cristina Bucsa (p1),2,0,0.0,4.407030105869115e+53,-4.407030105869115e+53,-100.0
Bernarda Pera vs Qinwen Zheng (p2),4,0,0.0,1.2157787672036422e+54,-1.2157787672036422e+54,-100.0
Karolina Muchova vs Storm Hunter (p2),4,0,0.0,1.2498530040763713e+52,-1.2498530040763713e+52,-100.0
Fiona Ferro vs Victoria Azarenka (p1),4,0,0.0,7.637472495746128e+51,-7.637472495746128e+51,-100.0
Jil Teichmann vs Lin Zhu (p1),31,0,0.0,5.164742959535957e+54,-5.164742959535957e+54,-100.0
Karolina Muchova vs Magdalena Frech (p2),3,0,0.0,8.09724870036166e+51,-8.09724870036166e+51,-100.0
